method,seed,ratio,split,image,score,threshold
random,42,0.001,validation,train/good/002.png,6.34333610534668,6.929836273193359
random,42,0.001,validation,train/good/003.png,6.770731449127197,6.929836273193359
random,42,0.001,validation,train/good/005.png,6.717513561248779,6.929836273193359
random,42,0.001,validation,train/good/013.png,6.502439022064209,6.929836273193359
random,42,0.001,validation,train/good/015.png,6.183393955230713,6.929836273193359
random,42,0.001,validation,train/good/021.png,6.444644927978516,6.929836273193359
random,42,0.001,validation,train/good/030.png,6.870861053466797,6.929836273193359
random,42,0.001,validation,train/good/036.png,7.013496398925781,6.929836273193359
random,42,0.001,validation,train/good/037.png,6.7006964683532715,6.929836273193359
random,42,0.001,validation,train/good/042.png,6.8380866050720215,6.929836273193359
random,42,0.001,validation,train/good/044.png,6.75544548034668,6.929836273193359
random,42,0.001,validation,train/good/045.png,6.650364398956299,6.929836273193359
random,42,0.001,validation,train/good/047.png,6.780956745147705,6.929836273193359
random,42,0.001,validation,train/good/060.png,6.570321559906006,6.929836273193359
random,42,0.001,validation,train/good/061.png,6.697454452514648,6.929836273193359
random,42,0.001,validation,train/good/064.png,6.258195877075195,6.929836273193359
random,42,0.001,validation,train/good/069.png,6.628992080688477,6.929836273193359
random,42,0.001,validation,train/good/073.png,6.825862407684326,6.929836273193359
random,42,0.001,validation,train/good/080.png,6.6767706871032715,6.929836273193359
random,42,0.001,validation,train/good/085.png,6.713554382324219,6.929836273193359
random,42,0.001,validation,train/good/089.png,6.929836273193359,6.929836273193359
random,42,0.001,validation,train/good/100.png,6.714021682739258,6.929836273193359
random,42,0.001,validation,train/good/104.png,6.7820916175842285,6.929836273193359
random,42,0.001,validation,train/good/111.png,6.69629430770874,6.929836273193359
random,42,0.001,validation,train/good/123.png,6.644277572631836,6.929836273193359
random,42,0.001,validation,train/good/124.png,6.783306121826172,6.929836273193359
random,42,0.001,validation,train/good/140.png,6.689462661743164,6.929836273193359
random,42,0.001,validation,train/good/152.png,6.735513687133789,6.929836273193359
random,42,0.001,validation,train/good/160.png,6.822784423828125,6.929836273193359
random,42,0.001,validation,train/good/167.png,6.374416828155518,6.929836273193359
random,42,0.001,validation,train/good/168.png,6.724165439605713,6.929836273193359
random,42,0.001,validation,train/good/169.png,6.486267566680908,6.929836273193359
random,42,0.001,validation,train/good/176.png,6.6536736488342285,6.929836273193359
random,42,0.001,validation,train/good/177.png,6.817359924316406,6.929836273193359
random,42,0.001,validation,train/good/182.png,6.869776248931885,6.929836273193359
random,42,0.001,validation,train/good/187.png,6.742242813110352,6.929836273193359
random,42,0.001,validation,train/good/194.png,6.5444488525390625,6.929836273193359
random,42,0.001,validation,train/good/195.png,6.8178629875183105,6.929836273193359
random,42,0.001,validation,train/good/201.png,6.6710734367370605,6.929836273193359
random,42,0.001,validation,train/good/204.png,7.043237686157227,6.929836273193359
random,42,0.001,validation,train/good/208.png,6.799825191497803,6.929836273193359
random,42,0.001,test,test/broken_large/000.png,8.836468696594238,6.929836273193359
random,42,0.001,test,test/broken_large/001.png,9.772790908813477,6.929836273193359
random,42,0.001,test,test/broken_large/002.png,8.408514022827148,6.929836273193359
random,42,0.001,test,test/broken_large/003.png,9.503957748413086,6.929836273193359
random,42,0.001,test,test/broken_large/004.png,11.085504531860352,6.929836273193359
random,42,0.001,test,test/broken_large/005.png,8.624404907226562,6.929836273193359
random,42,0.001,test,test/broken_large/006.png,10.69472885131836,6.929836273193359
random,42,0.001,test,test/broken_large/007.png,8.087220191955566,6.929836273193359
random,42,0.001,test,test/broken_large/008.png,10.144989013671875,6.929836273193359
random,42,0.001,test,test/broken_large/009.png,8.416067123413086,6.929836273193359
random,42,0.001,test,test/broken_large/010.png,9.199071884155273,6.929836273193359
random,42,0.001,test,test/broken_large/011.png,8.320931434631348,6.929836273193359
random,42,0.001,test,test/broken_large/012.png,10.546808242797852,6.929836273193359
random,42,0.001,test,test/broken_large/013.png,7.742105960845947,6.929836273193359
random,42,0.001,test,test/broken_large/014.png,9.859611511230469,6.929836273193359
random,42,0.001,test,test/broken_large/015.png,10.042525291442871,6.929836273193359
random,42,0.001,test,test/broken_large/016.png,9.430768013000488,6.929836273193359
random,42,0.001,test,test/broken_large/017.png,11.060371398925781,6.929836273193359
random,42,0.001,test,test/broken_large/018.png,9.053508758544922,6.929836273193359
random,42,0.001,test,test/broken_large/019.png,8.609247207641602,6.929836273193359
random,42,0.001,test,test/broken_small/000.png,7.819822788238525,6.929836273193359
random,42,0.001,test,test/broken_small/001.png,9.794675827026367,6.929836273193359
random,42,0.001,test,test/broken_small/002.png,10.573217391967773,6.929836273193359
random,42,0.001,test,test/broken_small/003.png,10.130202293395996,6.929836273193359
random,42,0.001,test,test/broken_small/004.png,11.45495319366455,6.929836273193359
random,42,0.001,test,test/broken_small/005.png,7.2263641357421875,6.929836273193359
random,42,0.001,test,test/broken_small/006.png,9.275481224060059,6.929836273193359
random,42,0.001,test,test/broken_small/007.png,8.461146354675293,6.929836273193359
random,42,0.001,test,test/broken_small/008.png,7.519047260284424,6.929836273193359
random,42,0.001,test,test/broken_small/009.png,9.200878143310547,6.929836273193359
random,42,0.001,test,test/broken_small/010.png,10.23257064819336,6.929836273193359
random,42,0.001,test,test/broken_small/011.png,8.256765365600586,6.929836273193359
random,42,0.001,test,test/broken_small/012.png,11.135809898376465,6.929836273193359
random,42,0.001,test,test/broken_small/013.png,6.725643157958984,6.929836273193359
random,42,0.001,test,test/broken_small/014.png,8.041757583618164,6.929836273193359
random,42,0.001,test,test/broken_small/015.png,7.139806747436523,6.929836273193359
random,42,0.001,test,test/broken_small/016.png,8.324193000793457,6.929836273193359
random,42,0.001,test,test/broken_small/017.png,11.712297439575195,6.929836273193359
random,42,0.001,test,test/broken_small/018.png,11.441794395446777,6.929836273193359
random,42,0.001,test,test/broken_small/019.png,9.803722381591797,6.929836273193359
random,42,0.001,test,test/broken_small/020.png,10.460704803466797,6.929836273193359
random,42,0.001,test,test/broken_small/021.png,9.084070205688477,6.929836273193359
random,42,0.001,test,test/contamination/000.png,7.379188537597656,6.929836273193359
random,42,0.001,test,test/contamination/001.png,6.86642599105835,6.929836273193359
random,42,0.001,test,test/contamination/002.png,6.715715408325195,6.929836273193359
random,42,0.001,test,test/contamination/003.png,6.636678695678711,6.929836273193359
random,42,0.001,test,test/contamination/004.png,6.824723720550537,6.929836273193359
random,42,0.001,test,test/contamination/005.png,8.133914947509766,6.929836273193359
random,42,0.001,test,test/contamination/006.png,7.285231113433838,6.929836273193359
random,42,0.001,test,test/contamination/007.png,14.240161895751953,6.929836273193359
random,42,0.001,test,test/contamination/008.png,7.424014568328857,6.929836273193359
random,42,0.001,test,test/contamination/009.png,8.197879791259766,6.929836273193359
random,42,0.001,test,test/contamination/010.png,7.562928676605225,6.929836273193359
random,42,0.001,test,test/contamination/011.png,7.026075839996338,6.929836273193359
random,42,0.001,test,test/contamination/012.png,6.802419185638428,6.929836273193359
random,42,0.001,test,test/contamination/013.png,8.990923881530762,6.929836273193359
random,42,0.001,test,test/contamination/014.png,6.797168254852295,6.929836273193359
random,42,0.001,test,test/contamination/015.png,7.592107772827148,6.929836273193359
random,42,0.001,test,test/contamination/016.png,6.488681793212891,6.929836273193359
random,42,0.001,test,test/contamination/017.png,10.401738166809082,6.929836273193359
random,42,0.001,test,test/contamination/018.png,10.41641616821289,6.929836273193359
random,42,0.001,test,test/contamination/019.png,6.84181547164917,6.929836273193359
random,42,0.001,test,test/contamination/020.png,6.791903018951416,6.929836273193359
random,42,0.001,test,test/good/000.png,6.732874393463135,6.929836273193359
random,42,0.001,test,test/good/001.png,6.9705586433410645,6.929836273193359
random,42,0.001,test,test/good/002.png,6.552636623382568,6.929836273193359
random,42,0.001,test,test/good/003.png,6.628210067749023,6.929836273193359
random,42,0.001,test,test/good/004.png,6.814316272735596,6.929836273193359
random,42,0.001,test,test/good/005.png,6.694118022918701,6.929836273193359
random,42,0.001,test,test/good/006.png,6.6059746742248535,6.929836273193359
random,42,0.001,test,test/good/007.png,6.362111568450928,6.929836273193359
random,42,0.001,test,test/good/008.png,6.822931289672852,6.929836273193359
random,42,0.001,test,test/good/009.png,6.454761505126953,6.929836273193359
random,42,0.001,test,test/good/010.png,6.462075710296631,6.929836273193359
random,42,0.001,test,test/good/011.png,6.836404800415039,6.929836273193359
random,42,0.001,test,test/good/012.png,6.716449737548828,6.929836273193359
random,42,0.001,test,test/good/013.png,6.628587245941162,6.929836273193359
random,42,0.001,test,test/good/014.png,6.778285980224609,6.929836273193359
random,42,0.001,test,test/good/015.png,6.895627498626709,6.929836273193359
random,42,0.001,test,test/good/016.png,6.741207599639893,6.929836273193359
random,42,0.001,test,test/good/017.png,6.78959321975708,6.929836273193359
random,42,0.001,test,test/good/018.png,6.771946430206299,6.929836273193359
random,42,0.001,test,test/good/019.png,6.737890243530273,6.929836273193359
random,42,0.005,validation,train/good/002.png,2.724769353866577,3.626192331314087
random,42,0.005,validation,train/good/003.png,3.0174083709716797,3.626192331314087
random,42,0.005,validation,train/good/005.png,2.574064254760742,3.626192331314087
random,42,0.005,validation,train/good/013.png,2.7386586666107178,3.626192331314087
random,42,0.005,validation,train/good/015.png,2.9041824340820312,3.626192331314087
random,42,0.005,validation,train/good/021.png,2.8295252323150635,3.626192331314087
random,42,0.005,validation,train/good/030.png,2.4232332706451416,3.626192331314087
random,42,0.005,validation,train/good/036.png,2.7628896236419678,3.626192331314087
random,42,0.005,validation,train/good/037.png,3.438323736190796,3.626192331314087
random,42,0.005,validation,train/good/042.png,3.2559053897857666,3.626192331314087
random,42,0.005,validation,train/good/044.png,2.664274215698242,3.626192331314087
random,42,0.005,validation,train/good/045.png,3.1444473266601562,3.626192331314087
random,42,0.005,validation,train/good/047.png,3.0113866329193115,3.626192331314087
random,42,0.005,validation,train/good/060.png,3.3232688903808594,3.626192331314087
random,42,0.005,validation,train/good/061.png,2.905040979385376,3.626192331314087
random,42,0.005,validation,train/good/064.png,2.9480972290039062,3.626192331314087
random,42,0.005,validation,train/good/069.png,2.406705617904663,3.626192331314087
random,42,0.005,validation,train/good/073.png,4.617053985595703,3.626192331314087
random,42,0.005,validation,train/good/080.png,2.870971918106079,3.626192331314087
random,42,0.005,validation,train/good/085.png,2.894153594970703,3.626192331314087
random,42,0.005,validation,train/good/089.png,2.850616455078125,3.626192331314087
random,42,0.005,validation,train/good/100.png,3.2093849182128906,3.626192331314087
random,42,0.005,validation,train/good/104.png,3.5266664028167725,3.626192331314087
random,42,0.005,validation,train/good/111.png,2.7795369625091553,3.626192331314087
random,42,0.005,validation,train/good/123.png,2.514476776123047,3.626192331314087
random,42,0.005,validation,train/good/124.png,2.7903900146484375,3.626192331314087
random,42,0.005,validation,train/good/140.png,2.8815858364105225,3.626192331314087
random,42,0.005,validation,train/good/152.png,3.023984909057617,3.626192331314087
random,42,0.005,validation,train/good/160.png,3.6910288333892822,3.626192331314087
random,42,0.005,validation,train/good/167.png,2.8868865966796875,3.626192331314087
random,42,0.005,validation,train/good/168.png,2.7463035583496094,3.626192331314087
random,42,0.005,validation,train/good/169.png,2.80810546875,3.626192331314087
random,42,0.005,validation,train/good/176.png,2.828784942626953,3.626192331314087
random,42,0.005,validation,train/good/177.png,2.3957901000976562,3.626192331314087
random,42,0.005,validation,train/good/182.png,3.2703857421875,3.626192331314087
random,42,0.005,validation,train/good/187.png,3.626192331314087,3.626192331314087
random,42,0.005,validation,train/good/194.png,3.2879221439361572,3.626192331314087
random,42,0.005,validation,train/good/195.png,2.9519805908203125,3.626192331314087
random,42,0.005,validation,train/good/201.png,3.5293519496917725,3.626192331314087
random,42,0.005,validation,train/good/204.png,2.869068145751953,3.626192331314087
random,42,0.005,validation,train/good/208.png,2.5159528255462646,3.626192331314087
random,42,0.005,test,test/broken_large/000.png,8.549393653869629,3.626192331314087
random,42,0.005,test,test/broken_large/001.png,8.50318717956543,3.626192331314087
random,42,0.005,test,test/broken_large/002.png,8.367375373840332,3.626192331314087
random,42,0.005,test,test/broken_large/003.png,8.857255935668945,3.626192331314087
random,42,0.005,test,test/broken_large/004.png,10.691524505615234,3.626192331314087
random,42,0.005,test,test/broken_large/005.png,8.018793106079102,3.626192331314087
random,42,0.005,test,test/broken_large/006.png,9.557910919189453,3.626192331314087
random,42,0.005,test,test/broken_large/007.png,8.087223052978516,3.626192331314087
random,42,0.005,test,test/broken_large/008.png,9.42341423034668,3.626192331314087
random,42,0.005,test,test/broken_large/009.png,8.416074752807617,3.626192331314087
random,42,0.005,test,test/broken_large/010.png,8.729145050048828,3.626192331314087
random,42,0.005,test,test/broken_large/011.png,7.815890789031982,3.626192331314087
random,42,0.005,test,test/broken_large/012.png,9.971848487854004,3.626192331314087
random,42,0.005,test,test/broken_large/013.png,7.696662902832031,3.626192331314087
random,42,0.005,test,test/broken_large/014.png,9.859609603881836,3.626192331314087
random,42,0.005,test,test/broken_large/015.png,9.795056343078613,3.626192331314087
random,42,0.005,test,test/broken_large/016.png,9.018446922302246,3.626192331314087
random,42,0.005,test,test/broken_large/017.png,10.206789016723633,3.626192331314087
random,42,0.005,test,test/broken_large/018.png,9.053504943847656,3.626192331314087
random,42,0.005,test,test/broken_large/019.png,8.170797348022461,3.626192331314087
random,42,0.005,test,test/broken_small/000.png,7.4615397453308105,3.626192331314087
random,42,0.005,test,test/broken_small/001.png,9.653648376464844,3.626192331314087
random,42,0.005,test,test/broken_small/002.png,9.110713958740234,3.626192331314087
random,42,0.005,test,test/broken_small/003.png,9.6275634765625,3.626192331314087
random,42,0.005,test,test/broken_small/004.png,11.219669342041016,3.626192331314087
random,42,0.005,test,test/broken_small/005.png,6.981729984283447,3.626192331314087
random,42,0.005,test,test/broken_small/006.png,9.106884002685547,3.626192331314087
random,42,0.005,test,test/broken_small/007.png,7.020660877227783,3.626192331314087
random,42,0.005,test,test/broken_small/008.png,7.049612522125244,3.626192331314087
random,42,0.005,test,test/broken_small/009.png,8.525341033935547,3.626192331314087
random,42,0.005,test,test/broken_small/010.png,9.585205078125,3.626192331314087
random,42,0.005,test,test/broken_small/011.png,8.058125495910645,3.626192331314087
random,42,0.005,test,test/broken_small/012.png,10.385092735290527,3.626192331314087
random,42,0.005,test,test/broken_small/013.png,6.600231647491455,3.626192331314087
random,42,0.005,test,test/broken_small/014.png,7.8846354484558105,3.626192331314087
random,42,0.005,test,test/broken_small/015.png,6.647780895233154,3.626192331314087
random,42,0.005,test,test/broken_small/016.png,8.038074493408203,3.626192331314087
random,42,0.005,test,test/broken_small/017.png,10.867388725280762,3.626192331314087
random,42,0.005,test,test/broken_small/018.png,10.864448547363281,3.626192331314087
random,42,0.005,test,test/broken_small/019.png,8.941598892211914,3.626192331314087
random,42,0.005,test,test/broken_small/020.png,9.701604843139648,3.626192331314087
random,42,0.005,test,test/broken_small/021.png,8.769286155700684,3.626192331314087
random,42,0.005,test,test/contamination/000.png,7.012229919433594,3.626192331314087
random,42,0.005,test,test/contamination/001.png,5.89453649520874,3.626192331314087
random,42,0.005,test,test/contamination/002.png,6.444253921508789,3.626192331314087
random,42,0.005,test,test/contamination/003.png,4.012872695922852,3.626192331314087
random,42,0.005,test,test/contamination/004.png,4.888171672821045,3.626192331314087
random,42,0.005,test,test/contamination/005.png,8.005777359008789,3.626192331314087
random,42,0.005,test,test/contamination/006.png,6.098821640014648,3.626192331314087
random,42,0.005,test,test/contamination/007.png,12.659045219421387,3.626192331314087
random,42,0.005,test,test/contamination/008.png,7.260770797729492,3.626192331314087
random,42,0.005,test,test/contamination/009.png,8.197879791259766,3.626192331314087
random,42,0.005,test,test/contamination/010.png,7.287353515625,3.626192331314087
random,42,0.005,test,test/contamination/011.png,6.945610046386719,3.626192331314087
random,42,0.005,test,test/contamination/012.png,4.896982192993164,3.626192331314087
random,42,0.005,test,test/contamination/013.png,8.977461814880371,3.626192331314087
random,42,0.005,test,test/contamination/014.png,5.704761505126953,3.626192331314087
random,42,0.005,test,test/contamination/015.png,7.23754358291626,3.626192331314087
random,42,0.005,test,test/contamination/016.png,5.613195419311523,3.626192331314087
random,42,0.005,test,test/contamination/017.png,10.037803649902344,3.626192331314087
random,42,0.005,test,test/contamination/018.png,10.41641616821289,3.626192331314087
random,42,0.005,test,test/contamination/019.png,4.501192092895508,3.626192331314087
random,42,0.005,test,test/contamination/020.png,6.042585372924805,3.626192331314087
random,42,0.005,test,test/good/000.png,2.651681900024414,3.626192331314087
random,42,0.005,test,test/good/001.png,3.3456878662109375,3.626192331314087
random,42,0.005,test,test/good/002.png,3.2417068481445312,3.626192331314087
random,42,0.005,test,test/good/003.png,2.865886688232422,3.626192331314087
random,42,0.005,test,test/good/004.png,2.510749578475952,3.626192331314087
random,42,0.005,test,test/good/005.png,3.0225298404693604,3.626192331314087
random,42,0.005,test,test/good/006.png,4.612089157104492,3.626192331314087
random,42,0.005,test,test/good/007.png,2.5728261470794678,3.626192331314087
random,42,0.005,test,test/good/008.png,2.8747482299804688,3.626192331314087
random,42,0.005,test,test/good/009.png,3.282430410385132,3.626192331314087
random,42,0.005,test,test/good/010.png,3.0559003353118896,3.626192331314087
random,42,0.005,test,test/good/011.png,2.3918302059173584,3.626192331314087
random,42,0.005,test,test/good/012.png,2.8036460876464844,3.626192331314087
random,42,0.005,test,test/good/013.png,2.7725107669830322,3.626192331314087
random,42,0.005,test,test/good/014.png,2.5829524993896484,3.626192331314087
random,42,0.005,test,test/good/015.png,3.0639305114746094,3.626192331314087
random,42,0.005,test,test/good/016.png,2.8108367919921875,3.626192331314087
random,42,0.005,test,test/good/017.png,2.6973533630371094,3.626192331314087
random,42,0.005,test,test/good/018.png,3.4501192569732666,3.626192331314087
random,42,0.005,test,test/good/019.png,2.8232879638671875,3.626192331314087
random,42,0.01,validation,train/good/002.png,2.630267858505249,3.322490930557251
random,42,0.01,validation,train/good/003.png,2.274038076400757,3.322490930557251
random,42,0.01,validation,train/good/005.png,2.286884307861328,3.322490930557251
random,42,0.01,validation,train/good/013.png,2.3946456909179688,3.322490930557251
random,42,0.01,validation,train/good/015.png,2.2496910095214844,3.322490930557251
random,42,0.01,validation,train/good/021.png,2.465811014175415,3.322490930557251
random,42,0.01,validation,train/good/030.png,2.192396402359009,3.322490930557251
random,42,0.01,validation,train/good/036.png,2.307176351547241,3.322490930557251
random,42,0.01,validation,train/good/037.png,2.821115493774414,3.322490930557251
random,42,0.01,validation,train/good/042.png,3.125326156616211,3.322490930557251
random,42,0.01,validation,train/good/044.png,2.307922601699829,3.322490930557251
random,42,0.01,validation,train/good/045.png,3.1444473266601562,3.322490930557251
random,42,0.01,validation,train/good/047.png,2.7055530548095703,3.322490930557251
random,42,0.01,validation,train/good/060.png,2.743145227432251,3.322490930557251
random,42,0.01,validation,train/good/061.png,2.7168502807617188,3.322490930557251
random,42,0.01,validation,train/good/064.png,2.536823272705078,3.322490930557251
random,42,0.01,validation,train/good/069.png,2.4067020416259766,3.322490930557251
random,42,0.01,validation,train/good/073.png,4.617061138153076,3.322490930557251
random,42,0.01,validation,train/good/080.png,2.8709754943847656,3.322490930557251
random,42,0.01,validation,train/good/085.png,2.5693321228027344,3.322490930557251
random,42,0.01,validation,train/good/089.png,2.7449111938476562,3.322490930557251
random,42,0.01,validation,train/good/100.png,2.487987518310547,3.322490930557251
random,42,0.01,validation,train/good/104.png,2.727783441543579,3.322490930557251
random,42,0.01,validation,train/good/111.png,2.6671273708343506,3.322490930557251
random,42,0.01,validation,train/good/123.png,2.147838830947876,3.322490930557251
random,42,0.01,validation,train/good/124.png,2.6622202396392822,3.322490930557251
random,42,0.01,validation,train/good/140.png,2.449047088623047,3.322490930557251
random,42,0.01,validation,train/good/152.png,2.800699472427368,3.322490930557251
random,42,0.01,validation,train/good/160.png,3.521778106689453,3.322490930557251
random,42,0.01,validation,train/good/167.png,2.3204612731933594,3.322490930557251
random,42,0.01,validation,train/good/168.png,2.1599576473236084,3.322490930557251
random,42,0.01,validation,train/good/169.png,2.80810546875,3.322490930557251
random,42,0.01,validation,train/good/176.png,2.6041431427001953,3.322490930557251
random,42,0.01,validation,train/good/177.png,2.3416688442230225,3.322490930557251
random,42,0.01,validation,train/good/182.png,2.930938720703125,3.322490930557251
random,42,0.01,validation,train/good/187.png,2.4058361053466797,3.322490930557251
random,42,0.01,validation,train/good/194.png,3.062288522720337,3.322490930557251
random,42,0.01,validation,train/good/195.png,2.3878819942474365,3.322490930557251
random,42,0.01,validation,train/good/201.png,3.322490930557251,3.322490930557251
random,42,0.01,validation,train/good/204.png,2.748363494873047,3.322490930557251
random,42,0.01,validation,train/good/208.png,2.3792479038238525,3.322490930557251
random,42,0.01,test,test/broken_large/000.png,8.247111320495605,3.322490930557251
random,42,0.01,test,test/broken_large/001.png,8.503183364868164,3.322490930557251
random,42,0.01,test,test/broken_large/002.png,8.344066619873047,3.322490930557251
random,42,0.01,test,test/broken_large/003.png,8.58430004119873,3.322490930557251
random,42,0.01,test,test/broken_large/004.png,10.248083114624023,3.322490930557251
random,42,0.01,test,test/broken_large/005.png,8.012735366821289,3.322490930557251
random,42,0.01,test,test/broken_large/006.png,9.557908058166504,3.322490930557251
random,42,0.01,test,test/broken_large/007.png,8.087228775024414,3.322490930557251
random,42,0.01,test,test/broken_large/008.png,9.423417091369629,3.322490930557251
random,42,0.01,test,test/broken_large/009.png,8.41607666015625,3.322490930557251
random,42,0.01,test,test/broken_large/010.png,8.729143142700195,3.322490930557251
random,42,0.01,test,test/broken_large/011.png,7.447254180908203,3.322490930557251
random,42,0.01,test,test/broken_large/012.png,9.971856117248535,3.322490930557251
random,42,0.01,test,test/broken_large/013.png,7.67573356628418,3.322490930557251
random,42,0.01,test,test/broken_large/014.png,9.510766983032227,3.322490930557251
random,42,0.01,test,test/broken_large/015.png,8.992984771728516,3.322490930557251
random,42,0.01,test,test/broken_large/016.png,8.735034942626953,3.322490930557251
random,42,0.01,test,test/broken_large/017.png,10.142145156860352,3.322490930557251
random,42,0.01,test,test/broken_large/018.png,8.866775512695312,3.322490930557251
random,42,0.01,test,test/broken_large/019.png,8.14346694946289,3.322490930557251
random,42,0.01,test,test/broken_small/000.png,7.212256908416748,3.322490930557251
random,42,0.01,test,test/broken_small/001.png,8.982597351074219,3.322490930557251
random,42,0.01,test,test/broken_small/002.png,9.110709190368652,3.322490930557251
random,42,0.01,test,test/broken_small/003.png,9.627553939819336,3.322490930557251
random,42,0.01,test,test/broken_small/004.png,10.710984230041504,3.322490930557251
random,42,0.01,test,test/broken_small/005.png,6.826138973236084,3.322490930557251
random,42,0.01,test,test/broken_small/006.png,9.10688591003418,3.322490930557251
random,42,0.01,test,test/broken_small/007.png,6.870113849639893,3.322490930557251
random,42,0.01,test,test/broken_small/008.png,6.563177108764648,3.322490930557251
random,42,0.01,test,test/broken_small/009.png,8.163175582885742,3.322490930557251
random,42,0.01,test,test/broken_small/010.png,9.585206985473633,3.322490930557251
random,42,0.01,test,test/broken_small/011.png,7.576539993286133,3.322490930557251
random,42,0.01,test,test/broken_small/012.png,10.027300834655762,3.322490930557251
random,42,0.01,test,test/broken_small/013.png,6.6002349853515625,3.322490930557251
random,42,0.01,test,test/broken_small/014.png,7.793842315673828,3.322490930557251
random,42,0.01,test,test/broken_small/015.png,6.647547245025635,3.322490930557251
random,42,0.01,test,test/broken_small/016.png,7.927327632904053,3.322490930557251
random,42,0.01,test,test/broken_small/017.png,10.867389678955078,3.322490930557251
random,42,0.01,test,test/broken_small/018.png,10.430405616760254,3.322490930557251
random,42,0.01,test,test/broken_small/019.png,8.870908737182617,3.322490930557251
random,42,0.01,test,test/broken_small/020.png,9.70159912109375,3.322490930557251
random,42,0.01,test,test/broken_small/021.png,8.769280433654785,3.322490930557251
random,42,0.01,test,test/contamination/000.png,7.012228488922119,3.322490930557251
random,42,0.01,test,test/contamination/001.png,5.263545989990234,3.322490930557251
random,42,0.01,test,test/contamination/002.png,6.44425630569458,3.322490930557251
random,42,0.01,test,test/contamination/003.png,4.012870788574219,3.322490930557251
random,42,0.01,test,test/contamination/004.png,4.7520833015441895,3.322490930557251
random,42,0.01,test,test/contamination/005.png,7.938230514526367,3.322490930557251
random,42,0.01,test,test/contamination/006.png,6.098817825317383,3.322490930557251
random,42,0.01,test,test/contamination/007.png,12.659042358398438,3.322490930557251
random,42,0.01,test,test/contamination/008.png,7.247426986694336,3.322490930557251
random,42,0.01,test,test/contamination/009.png,8.059953689575195,3.322490930557251
random,42,0.01,test,test/contamination/010.png,7.240272045135498,3.322490930557251
random,42,0.01,test,test/contamination/011.png,6.798924922943115,3.322490930557251
random,42,0.01,test,test/contamination/012.png,4.357631683349609,3.322490930557251
random,42,0.01,test,test/contamination/013.png,8.499361038208008,3.322490930557251
random,42,0.01,test,test/contamination/014.png,5.704753398895264,3.322490930557251
random,42,0.01,test,test/contamination/015.png,7.237536907196045,3.322490930557251
random,42,0.01,test,test/contamination/016.png,5.613195419311523,3.322490930557251
random,42,0.01,test,test/contamination/017.png,10.037799835205078,3.322490930557251
random,42,0.01,test,test/contamination/018.png,10.416420936584473,3.322490930557251
random,42,0.01,test,test/contamination/019.png,4.501190185546875,3.322490930557251
random,42,0.01,test,test/contamination/020.png,5.739053726196289,3.322490930557251
random,42,0.01,test,test/good/000.png,2.4916059970855713,3.322490930557251
random,42,0.01,test,test/good/001.png,3.1477622985839844,3.322490930557251
random,42,0.01,test,test/good/002.png,2.949413537979126,3.322490930557251
random,42,0.01,test,test/good/003.png,2.6496963500976562,3.322490930557251
random,42,0.01,test,test/good/004.png,2.207805871963501,3.322490930557251
random,42,0.01,test,test/good/005.png,2.572950601577759,3.322490930557251
random,42,0.01,test,test/good/006.png,3.0210494995117188,3.322490930557251
random,42,0.01,test,test/good/007.png,2.543407440185547,3.322490930557251
random,42,0.01,test,test/good/008.png,2.534648895263672,3.322490930557251
random,42,0.01,test,test/good/009.png,2.8344380855560303,3.322490930557251
random,42,0.01,test,test/good/010.png,2.4092254638671875,3.322490930557251
random,42,0.01,test,test/good/011.png,2.1894681453704834,3.322490930557251
random,42,0.01,test,test/good/012.png,2.511524200439453,3.322490930557251
random,42,0.01,test,test/good/013.png,2.3344287872314453,3.322490930557251
random,42,0.01,test,test/good/014.png,2.4798049926757812,3.322490930557251
random,42,0.01,test,test/good/015.png,2.7194385528564453,3.322490930557251
random,42,0.01,test,test/good/016.png,2.6912784576416016,3.322490930557251
random,42,0.01,test,test/good/017.png,2.6973514556884766,3.322490930557251
random,42,0.01,test,test/good/018.png,2.9913330078125,3.322490930557251
random,42,0.01,test,test/good/019.png,2.5330162048339844,3.322490930557251
random,43,0.001,validation,train/good/002.png,5.8281097412109375,6.829803466796875
random,43,0.001,validation,train/good/003.png,5.845983505249023,6.829803466796875
random,43,0.001,validation,train/good/005.png,5.804744243621826,6.829803466796875
random,43,0.001,validation,train/good/013.png,5.678152084350586,6.829803466796875
random,43,0.001,validation,train/good/015.png,5.8033576011657715,6.829803466796875
random,43,0.001,validation,train/good/021.png,5.972717761993408,6.829803466796875
random,43,0.001,validation,train/good/030.png,5.556865692138672,6.829803466796875
random,43,0.001,validation,train/good/036.png,5.751748561859131,6.829803466796875
random,43,0.001,validation,train/good/037.png,5.641481399536133,6.829803466796875
random,43,0.001,validation,train/good/042.png,5.587128162384033,6.829803466796875
random,43,0.001,validation,train/good/044.png,5.9267425537109375,6.829803466796875
random,43,0.001,validation,train/good/045.png,5.952125072479248,6.829803466796875
random,43,0.001,validation,train/good/047.png,5.714809894561768,6.829803466796875
random,43,0.001,validation,train/good/060.png,6.7243499755859375,6.829803466796875
random,43,0.001,validation,train/good/061.png,5.602664470672607,6.829803466796875
random,43,0.001,validation,train/good/064.png,6.381938457489014,6.829803466796875
random,43,0.001,validation,train/good/069.png,5.691066265106201,6.829803466796875
random,43,0.001,validation,train/good/073.png,6.375210285186768,6.829803466796875
random,43,0.001,validation,train/good/080.png,6.308515548706055,6.829803466796875
random,43,0.001,validation,train/good/085.png,6.2574005126953125,6.829803466796875
random,43,0.001,validation,train/good/089.png,5.7673821449279785,6.829803466796875
random,43,0.001,validation,train/good/100.png,5.721643447875977,6.829803466796875
random,43,0.001,validation,train/good/104.png,5.736342430114746,6.829803466796875
random,43,0.001,validation,train/good/111.png,5.918797016143799,6.829803466796875
random,43,0.001,validation,train/good/123.png,5.678112506866455,6.829803466796875
random,43,0.001,validation,train/good/124.png,7.355842113494873,6.829803466796875
random,43,0.001,validation,train/good/140.png,6.4131760597229,6.829803466796875
random,43,0.001,validation,train/good/152.png,6.442024230957031,6.829803466796875
random,43,0.001,validation,train/good/160.png,8.716300010681152,6.829803466796875
random,43,0.001,validation,train/good/167.png,6.0837483406066895,6.829803466796875
random,43,0.001,validation,train/good/168.png,5.81848669052124,6.829803466796875
random,43,0.001,validation,train/good/169.png,5.941728115081787,6.829803466796875
random,43,0.001,validation,train/good/176.png,6.008023738861084,6.829803466796875
random,43,0.001,validation,train/good/177.png,6.345237731933594,6.829803466796875
random,43,0.001,validation,train/good/182.png,6.264888763427734,6.829803466796875
random,43,0.001,validation,train/good/187.png,6.112544536590576,6.829803466796875
random,43,0.001,validation,train/good/194.png,6.198122024536133,6.829803466796875
random,43,0.001,validation,train/good/195.png,5.996646404266357,6.829803466796875
random,43,0.001,validation,train/good/201.png,5.812381744384766,6.829803466796875
random,43,0.001,validation,train/good/204.png,6.829803466796875,6.829803466796875
random,43,0.001,validation,train/good/208.png,5.854782581329346,6.829803466796875
random,43,0.001,test,test/broken_large/000.png,9.171586990356445,6.829803466796875
random,43,0.001,test,test/broken_large/001.png,8.997407913208008,6.829803466796875
random,43,0.001,test,test/broken_large/002.png,9.20859146118164,6.829803466796875
random,43,0.001,test,test/broken_large/003.png,9.596731185913086,6.829803466796875
random,43,0.001,test,test/broken_large/004.png,11.018802642822266,6.829803466796875
random,43,0.001,test,test/broken_large/005.png,8.890246391296387,6.829803466796875
random,43,0.001,test,test/broken_large/006.png,10.32229232788086,6.829803466796875
random,43,0.001,test,test/broken_large/007.png,8.46947956085205,6.829803466796875
random,43,0.001,test,test/broken_large/008.png,10.025754928588867,6.829803466796875
random,43,0.001,test,test/broken_large/009.png,9.185665130615234,6.829803466796875
random,43,0.001,test,test/broken_large/010.png,9.057464599609375,6.829803466796875
random,43,0.001,test,test/broken_large/011.png,7.135077953338623,6.829803466796875
random,43,0.001,test,test/broken_large/012.png,10.526002883911133,6.829803466796875
random,43,0.001,test,test/broken_large/013.png,7.6854095458984375,6.829803466796875
random,43,0.001,test,test/broken_large/014.png,10.01442813873291,6.829803466796875
random,43,0.001,test,test/broken_large/015.png,10.209168434143066,6.829803466796875
random,43,0.001,test,test/broken_large/016.png,8.422098159790039,6.829803466796875
random,43,0.001,test,test/broken_large/017.png,10.94420051574707,6.829803466796875
random,43,0.001,test,test/broken_large/018.png,9.314387321472168,6.829803466796875
random,43,0.001,test,test/broken_large/019.png,8.393982887268066,6.829803466796875
random,43,0.001,test,test/broken_small/000.png,7.8988037109375,6.829803466796875
random,43,0.001,test,test/broken_small/001.png,9.718291282653809,6.829803466796875
random,43,0.001,test,test/broken_small/002.png,10.143407821655273,6.829803466796875
random,43,0.001,test,test/broken_small/003.png,10.185758590698242,6.829803466796875
random,43,0.001,test,test/broken_small/004.png,11.496049880981445,6.829803466796875
random,43,0.001,test,test/broken_small/005.png,7.203380107879639,6.829803466796875
random,43,0.001,test,test/broken_small/006.png,9.509437561035156,6.829803466796875
random,43,0.001,test,test/broken_small/007.png,8.02811336517334,6.829803466796875
random,43,0.001,test,test/broken_small/008.png,7.265040874481201,6.829803466796875
random,43,0.001,test,test/broken_small/009.png,9.059188842773438,6.829803466796875
random,43,0.001,test,test/broken_small/010.png,10.045660972595215,6.829803466796875
random,43,0.001,test,test/broken_small/011.png,8.783833503723145,6.829803466796875
random,43,0.001,test,test/broken_small/012.png,9.811089515686035,6.829803466796875
random,43,0.001,test,test/broken_small/013.png,7.575620174407959,6.829803466796875
random,43,0.001,test,test/broken_small/014.png,8.2881441116333,6.829803466796875
random,43,0.001,test,test/broken_small/015.png,7.193108081817627,6.829803466796875
random,43,0.001,test,test/broken_small/016.png,8.43246841430664,6.829803466796875
random,43,0.001,test,test/broken_small/017.png,11.991535186767578,6.829803466796875
random,43,0.001,test,test/broken_small/018.png,11.317137718200684,6.829803466796875
random,43,0.001,test,test/broken_small/019.png,9.676517486572266,6.829803466796875
random,43,0.001,test,test/broken_small/020.png,10.360095024108887,6.829803466796875
random,43,0.001,test,test/broken_small/021.png,8.497182846069336,6.829803466796875
random,43,0.001,test,test/contamination/000.png,7.356712818145752,6.829803466796875
random,43,0.001,test,test/contamination/001.png,6.294448375701904,6.829803466796875
random,43,0.001,test,test/contamination/002.png,7.059397220611572,6.829803466796875
random,43,0.001,test,test/contamination/003.png,5.622041702270508,6.829803466796875
random,43,0.001,test,test/contamination/004.png,5.560929775238037,6.829803466796875
random,43,0.001,test,test/contamination/005.png,8.634973526000977,6.829803466796875
random,43,0.001,test,test/contamination/006.png,6.601833820343018,6.829803466796875
random,43,0.001,test,test/contamination/007.png,13.547567367553711,6.829803466796875
random,43,0.001,test,test/contamination/008.png,7.864110946655273,6.829803466796875
random,43,0.001,test,test/contamination/009.png,8.702107429504395,6.829803466796875
random,43,0.001,test,test/contamination/010.png,7.698461055755615,6.829803466796875
random,43,0.001,test,test/contamination/011.png,7.665197372436523,6.829803466796875
random,43,0.001,test,test/contamination/012.png,5.626134872436523,6.829803466796875
random,43,0.001,test,test/contamination/013.png,11.207121849060059,6.829803466796875
random,43,0.001,test,test/contamination/014.png,7.5977783203125,6.829803466796875
random,43,0.001,test,test/contamination/015.png,7.752965450286865,6.829803466796875
random,43,0.001,test,test/contamination/016.png,5.965915203094482,6.829803466796875
random,43,0.001,test,test/contamination/017.png,10.670794486999512,6.829803466796875
random,43,0.001,test,test/contamination/018.png,10.830179214477539,6.829803466796875
random,43,0.001,test,test/contamination/019.png,5.84869909286499,6.829803466796875
random,43,0.001,test,test/contamination/020.png,6.610365390777588,6.829803466796875
random,43,0.001,test,test/good/000.png,5.575048446655273,6.829803466796875
random,43,0.001,test,test/good/001.png,5.713840961456299,6.829803466796875
random,43,0.001,test,test/good/002.png,6.119457244873047,6.829803466796875
random,43,0.001,test,test/good/003.png,6.4132232666015625,6.829803466796875
random,43,0.001,test,test/good/004.png,5.875773906707764,6.829803466796875
random,43,0.001,test,test/good/005.png,6.528340816497803,6.829803466796875
random,43,0.001,test,test/good/006.png,6.730594158172607,6.829803466796875
random,43,0.001,test,test/good/007.png,5.658227443695068,6.829803466796875
random,43,0.001,test,test/good/008.png,5.8409905433654785,6.829803466796875
random,43,0.001,test,test/good/009.png,5.5449538230896,6.829803466796875
random,43,0.001,test,test/good/010.png,5.703214645385742,6.829803466796875
random,43,0.001,test,test/good/011.png,5.63536262512207,6.829803466796875
random,43,0.001,test,test/good/012.png,5.752279281616211,6.829803466796875
random,43,0.001,test,test/good/013.png,5.844285488128662,6.829803466796875
random,43,0.001,test,test/good/014.png,6.630891799926758,6.829803466796875
random,43,0.001,test,test/good/015.png,5.860439777374268,6.829803466796875
random,43,0.001,test,test/good/016.png,6.054351329803467,6.829803466796875
random,43,0.001,test,test/good/017.png,5.762793064117432,6.829803466796875
random,43,0.001,test,test/good/018.png,5.858190059661865,6.829803466796875
random,43,0.001,test,test/good/019.png,5.712637424468994,6.829803466796875
random,43,0.005,validation,train/good/002.png,3.061281442642212,4.3371052742004395
random,43,0.005,validation,train/good/003.png,3.056264638900757,4.3371052742004395
random,43,0.005,validation,train/good/005.png,2.6892147064208984,4.3371052742004395
random,43,0.005,validation,train/good/013.png,3.0439529418945312,4.3371052742004395
random,43,0.005,validation,train/good/015.png,2.9540598392486572,4.3371052742004395
random,43,0.005,validation,train/good/021.png,3.1578712463378906,4.3371052742004395
random,43,0.005,validation,train/good/030.png,2.760652780532837,4.3371052742004395
random,43,0.005,validation,train/good/036.png,2.811969757080078,4.3371052742004395
random,43,0.005,validation,train/good/037.png,2.8133771419525146,4.3371052742004395
random,43,0.005,validation,train/good/042.png,3.251811981201172,4.3371052742004395
random,43,0.005,validation,train/good/044.png,2.505563974380493,4.3371052742004395
random,43,0.005,validation,train/good/045.png,3.1859779357910156,4.3371052742004395
random,43,0.005,validation,train/good/047.png,3.243206024169922,4.3371052742004395
random,43,0.005,validation,train/good/060.png,3.692383050918579,4.3371052742004395
random,43,0.005,validation,train/good/061.png,3.0549890995025635,4.3371052742004395
random,43,0.005,validation,train/good/064.png,3.162742853164673,4.3371052742004395
random,43,0.005,validation,train/good/069.png,3.0713634490966797,4.3371052742004395
random,43,0.005,validation,train/good/073.png,4.558376789093018,4.3371052742004395
random,43,0.005,validation,train/good/080.png,3.3894309997558594,4.3371052742004395
random,43,0.005,validation,train/good/085.png,3.2351226806640625,4.3371052742004395
random,43,0.005,validation,train/good/089.png,3.155937433242798,4.3371052742004395
random,43,0.005,validation,train/good/100.png,2.6518402099609375,4.3371052742004395
random,43,0.005,validation,train/good/104.png,2.922820806503296,4.3371052742004395
random,43,0.005,validation,train/good/111.png,3.095745086669922,4.3371052742004395
random,43,0.005,validation,train/good/123.png,3.1565935611724854,4.3371052742004395
random,43,0.005,validation,train/good/124.png,4.3371052742004395,4.3371052742004395
random,43,0.005,validation,train/good/140.png,3.6749303340911865,4.3371052742004395
random,43,0.005,validation,train/good/152.png,3.8350794315338135,4.3371052742004395
random,43,0.005,validation,train/good/160.png,5.082283020019531,4.3371052742004395
random,43,0.005,validation,train/good/167.png,3.7232589721679688,4.3371052742004395
random,43,0.005,validation,train/good/168.png,3.3942110538482666,4.3371052742004395
random,43,0.005,validation,train/good/169.png,3.004528045654297,4.3371052742004395
random,43,0.005,validation,train/good/176.png,3.067359685897827,4.3371052742004395
random,43,0.005,validation,train/good/177.png,3.5547640323638916,4.3371052742004395
random,43,0.005,validation,train/good/182.png,4.086132049560547,4.3371052742004395
random,43,0.005,validation,train/good/187.png,3.4885480403900146,4.3371052742004395
random,43,0.005,validation,train/good/194.png,3.66748046875,4.3371052742004395
random,43,0.005,validation,train/good/195.png,3.2609100341796875,4.3371052742004395
random,43,0.005,validation,train/good/201.png,3.5186655521392822,4.3371052742004395
random,43,0.005,validation,train/good/204.png,3.7295267581939697,4.3371052742004395
random,43,0.005,validation,train/good/208.png,2.9993021488189697,4.3371052742004395
random,43,0.005,test,test/broken_large/000.png,8.571215629577637,4.3371052742004395
random,43,0.005,test,test/broken_large/001.png,8.783576965332031,4.3371052742004395
random,43,0.005,test,test/broken_large/002.png,8.402512550354004,4.3371052742004395
random,43,0.005,test,test/broken_large/003.png,9.17696762084961,4.3371052742004395
random,43,0.005,test,test/broken_large/004.png,10.59433364868164,4.3371052742004395
random,43,0.005,test,test/broken_large/005.png,8.041667938232422,4.3371052742004395
random,43,0.005,test,test/broken_large/006.png,10.31326961517334,4.3371052742004395
random,43,0.005,test,test/broken_large/007.png,7.538950443267822,4.3371052742004395
random,43,0.005,test,test/broken_large/008.png,9.312739372253418,4.3371052742004395
random,43,0.005,test,test/broken_large/009.png,8.513619422912598,4.3371052742004395
random,43,0.005,test,test/broken_large/010.png,8.443587303161621,4.3371052742004395
random,43,0.005,test,test/broken_large/011.png,6.907660007476807,4.3371052742004395
random,43,0.005,test,test/broken_large/012.png,10.526002883911133,4.3371052742004395
random,43,0.005,test,test/broken_large/013.png,7.59227991104126,4.3371052742004395
random,43,0.005,test,test/broken_large/014.png,9.008672714233398,4.3371052742004395
random,43,0.005,test,test/broken_large/015.png,9.971419334411621,4.3371052742004395
random,43,0.005,test,test/broken_large/016.png,8.42209529876709,4.3371052742004395
random,43,0.005,test,test/broken_large/017.png,10.571020126342773,4.3371052742004395
random,43,0.005,test,test/broken_large/018.png,8.57279109954834,4.3371052742004395
random,43,0.005,test,test/broken_large/019.png,8.113268852233887,4.3371052742004395
random,43,0.005,test,test/broken_small/000.png,7.213724613189697,4.3371052742004395
random,43,0.005,test,test/broken_small/001.png,8.877837181091309,4.3371052742004395
random,43,0.005,test,test/broken_small/002.png,9.647737503051758,4.3371052742004395
random,43,0.005,test,test/broken_small/003.png,9.499038696289062,4.3371052742004395
random,43,0.005,test,test/broken_small/004.png,11.176790237426758,4.3371052742004395
random,43,0.005,test,test/broken_small/005.png,7.0086493492126465,4.3371052742004395
random,43,0.005,test,test/broken_small/006.png,9.50943660736084,4.3371052742004395
random,43,0.005,test,test/broken_small/007.png,8.002119064331055,4.3371052742004395
random,43,0.005,test,test/broken_small/008.png,6.820192813873291,4.3371052742004395
random,43,0.005,test,test/broken_small/009.png,8.584014892578125,4.3371052742004395
random,43,0.005,test,test/broken_small/010.png,10.045660972595215,4.3371052742004395
random,43,0.005,test,test/broken_small/011.png,8.118993759155273,4.3371052742004395
random,43,0.005,test,test/broken_small/012.png,9.811089515686035,4.3371052742004395
random,43,0.005,test,test/broken_small/013.png,7.575618743896484,4.3371052742004395
random,43,0.005,test,test/broken_small/014.png,7.747695446014404,4.3371052742004395
random,43,0.005,test,test/broken_small/015.png,6.970177173614502,4.3371052742004395
random,43,0.005,test,test/broken_small/016.png,8.312051773071289,4.3371052742004395
random,43,0.005,test,test/broken_small/017.png,11.113421440124512,4.3371052742004395
random,43,0.005,test,test/broken_small/018.png,10.969452857971191,4.3371052742004395
random,43,0.005,test,test/broken_small/019.png,9.124923706054688,4.3371052742004395
random,43,0.005,test,test/broken_small/020.png,10.025956153869629,4.3371052742004395
random,43,0.005,test,test/broken_small/021.png,8.497177124023438,4.3371052742004395
random,43,0.005,test,test/contamination/000.png,7.065657138824463,4.3371052742004395
random,43,0.005,test,test/contamination/001.png,5.288267135620117,4.3371052742004395
random,43,0.005,test,test/contamination/002.png,6.220860958099365,4.3371052742004395
random,43,0.005,test,test/contamination/003.png,3.989827871322632,4.3371052742004395
random,43,0.005,test,test/contamination/004.png,4.90187406539917,4.3371052742004395
random,43,0.005,test,test/contamination/005.png,7.879038333892822,4.3371052742004395
random,43,0.005,test,test/contamination/006.png,6.1346893310546875,4.3371052742004395
random,43,0.005,test,test/contamination/007.png,13.283075332641602,4.3371052742004395
random,43,0.005,test,test/contamination/008.png,6.98316764831543,4.3371052742004395
random,43,0.005,test,test/contamination/009.png,7.910955429077148,4.3371052742004395
random,43,0.005,test,test/contamination/010.png,7.1035237312316895,4.3371052742004395
random,43,0.005,test,test/contamination/011.png,6.959619045257568,4.3371052742004395
random,43,0.005,test,test/contamination/012.png,4.3748779296875,4.3371052742004395
random,43,0.005,test,test/contamination/013.png,8.674978256225586,4.3371052742004395
random,43,0.005,test,test/contamination/014.png,6.543602466583252,4.3371052742004395
random,43,0.005,test,test/contamination/015.png,7.145951747894287,4.3371052742004395
random,43,0.005,test,test/contamination/016.png,5.590105056762695,4.3371052742004395
random,43,0.005,test,test/contamination/017.png,9.535780906677246,4.3371052742004395
random,43,0.005,test,test/contamination/018.png,10.577519416809082,4.3371052742004395
random,43,0.005,test,test/contamination/019.png,4.721085071563721,4.3371052742004395
random,43,0.005,test,test/contamination/020.png,5.757326126098633,4.3371052742004395
random,43,0.005,test,test/good/000.png,3.2073898315429688,4.3371052742004395
random,43,0.005,test,test/good/001.png,3.167755365371704,4.3371052742004395
random,43,0.005,test,test/good/002.png,3.1357650756835938,4.3371052742004395
random,43,0.005,test,test/good/003.png,3.2773056030273438,4.3371052742004395
random,43,0.005,test,test/good/004.png,2.8869895935058594,4.3371052742004395
random,43,0.005,test,test/good/005.png,3.4693644046783447,4.3371052742004395
random,43,0.005,test,test/good/006.png,4.424672603607178,4.3371052742004395
random,43,0.005,test,test/good/007.png,3.089130401611328,4.3371052742004395
random,43,0.005,test,test/good/008.png,3.3686864376068115,4.3371052742004395
random,43,0.005,test,test/good/009.png,2.930938720703125,4.3371052742004395
random,43,0.005,test,test/good/010.png,3.310783624649048,4.3371052742004395
random,43,0.005,test,test/good/011.png,2.8372457027435303,4.3371052742004395
random,43,0.005,test,test/good/012.png,2.9919779300689697,4.3371052742004395
random,43,0.005,test,test/good/013.png,3.3639605045318604,4.3371052742004395
random,43,0.005,test,test/good/014.png,3.448131561279297,4.3371052742004395
random,43,0.005,test,test/good/015.png,3.29695725440979,4.3371052742004395
random,43,0.005,test,test/good/016.png,3.1641197204589844,4.3371052742004395
random,43,0.005,test,test/good/017.png,2.7567501068115234,4.3371052742004395
random,43,0.005,test,test/good/018.png,3.1445655822753906,4.3371052742004395
random,43,0.005,test,test/good/019.png,3.4163894653320312,4.3371052742004395
random,43,0.01,validation,train/good/002.png,2.6165809631347656,3.251811981201172
random,43,0.01,validation,train/good/003.png,2.5036582946777344,3.251811981201172
random,43,0.01,validation,train/good/005.png,2.4016170501708984,3.251811981201172
random,43,0.01,validation,train/good/013.png,2.7699105739593506,3.251811981201172
random,43,0.01,validation,train/good/015.png,2.1266326904296875,3.251811981201172
random,43,0.01,validation,train/good/021.png,2.3886091709136963,3.251811981201172
random,43,0.01,validation,train/good/030.png,2.389509439468384,3.251811981201172
random,43,0.01,validation,train/good/036.png,2.3286359310150146,3.251811981201172
random,43,0.01,validation,train/good/037.png,2.796142578125,3.251811981201172
random,43,0.01,validation,train/good/042.png,3.251811981201172,3.251811981201172
random,43,0.01,validation,train/good/044.png,2.3378448486328125,3.251811981201172
random,43,0.01,validation,train/good/045.png,3.18597412109375,3.251811981201172
random,43,0.01,validation,train/good/047.png,2.8924942016601562,3.251811981201172
random,43,0.01,validation,train/good/060.png,2.3996353149414062,3.251811981201172
random,43,0.01,validation,train/good/061.png,2.571150064468384,3.251811981201172
random,43,0.01,validation,train/good/064.png,2.507875680923462,3.251811981201172
random,43,0.01,validation,train/good/069.png,2.759289026260376,3.251811981201172
random,43,0.01,validation,train/good/073.png,4.558374404907227,3.251811981201172
random,43,0.01,validation,train/good/080.png,2.7820589542388916,3.251811981201172
random,43,0.01,validation,train/good/085.png,2.3525807857513428,3.251811981201172
random,43,0.01,validation,train/good/089.png,2.8019676208496094,3.251811981201172
random,43,0.01,validation,train/good/100.png,2.2734339237213135,3.251811981201172
random,43,0.01,validation,train/good/104.png,2.9228193759918213,3.251811981201172
random,43,0.01,validation,train/good/111.png,2.9792823791503906,3.251811981201172
random,43,0.01,validation,train/good/123.png,2.221885919570923,3.251811981201172
random,43,0.01,validation,train/good/124.png,2.746318817138672,3.251811981201172
random,43,0.01,validation,train/good/140.png,2.6052629947662354,3.251811981201172
random,43,0.01,validation,train/good/152.png,2.565934896469116,3.251811981201172
random,43,0.01,validation,train/good/160.png,2.9882047176361084,3.251811981201172
random,43,0.01,validation,train/good/167.png,2.64227294921875,3.251811981201172
random,43,0.01,validation,train/good/168.png,2.2548158168792725,3.251811981201172
random,43,0.01,validation,train/good/169.png,2.1852989196777344,3.251811981201172
random,43,0.01,validation,train/good/176.png,2.345691680908203,3.251811981201172
random,43,0.01,validation,train/good/177.png,2.326740264892578,3.251811981201172
random,43,0.01,validation,train/good/182.png,3.1488876342773438,3.251811981201172
random,43,0.01,validation,train/good/187.png,2.1230318546295166,3.251811981201172
random,43,0.01,validation,train/good/194.png,3.2753217220306396,3.251811981201172
random,43,0.01,validation,train/good/195.png,2.3533709049224854,3.251811981201172
random,43,0.01,validation,train/good/201.png,2.9970951080322266,3.251811981201172
random,43,0.01,validation,train/good/204.png,2.9523086547851562,3.251811981201172
random,43,0.01,validation,train/good/208.png,1.984319806098938,3.251811981201172
random,43,0.01,test,test/broken_large/000.png,8.345259666442871,3.251811981201172
random,43,0.01,test,test/broken_large/001.png,8.272640228271484,3.251811981201172
random,43,0.01,test,test/broken_large/002.png,8.38356876373291,3.251811981201172
random,43,0.01,test,test/broken_large/003.png,8.935935974121094,3.251811981201172
random,43,0.01,test,test/broken_large/004.png,10.153816223144531,3.251811981201172
random,43,0.01,test,test/broken_large/005.png,7.861209392547607,3.251811981201172
random,43,0.01,test,test/broken_large/006.png,10.128551483154297,3.251811981201172
random,43,0.01,test,test/broken_large/007.png,7.538946628570557,3.251811981201172
random,43,0.01,test,test/broken_large/008.png,9.187419891357422,3.251811981201172
random,43,0.01,test,test/broken_large/009.png,8.513625144958496,3.251811981201172
random,43,0.01,test,test/broken_large/010.png,8.443584442138672,3.251811981201172
random,43,0.01,test,test/broken_large/011.png,6.907660961151123,3.251811981201172
random,43,0.01,test,test/broken_large/012.png,10.108917236328125,3.251811981201172
random,43,0.01,test,test/broken_large/013.png,7.592277526855469,3.251811981201172
random,43,0.01,test,test/broken_large/014.png,8.85251522064209,3.251811981201172
random,43,0.01,test,test/broken_large/015.png,9.795711517333984,3.251811981201172
random,43,0.01,test,test/broken_large/016.png,8.220941543579102,3.251811981201172
random,43,0.01,test,test/broken_large/017.png,10.1368408203125,3.251811981201172
random,43,0.01,test,test/broken_large/018.png,8.572790145874023,3.251811981201172
random,43,0.01,test,test/broken_large/019.png,7.990344524383545,3.251811981201172
random,43,0.01,test,test/broken_small/000.png,6.490218639373779,3.251811981201172
random,43,0.01,test,test/broken_small/001.png,8.877838134765625,3.251811981201172
random,43,0.01,test,test/broken_small/002.png,9.544713973999023,3.251811981201172
random,43,0.01,test,test/broken_small/003.png,9.097343444824219,3.251811981201172
random,43,0.01,test,test/broken_small/004.png,11.118121147155762,3.251811981201172
random,43,0.01,test,test/broken_small/005.png,6.477871417999268,3.251811981201172
random,43,0.01,test,test/broken_small/006.png,9.509432792663574,3.251811981201172
random,43,0.01,test,test/broken_small/007.png,7.492325305938721,3.251811981201172
random,43,0.01,test,test/broken_small/008.png,6.417586803436279,3.251811981201172
random,43,0.01,test,test/broken_small/009.png,8.584012985229492,3.251811981201172
random,43,0.01,test,test/broken_small/010.png,9.123356819152832,3.251811981201172
random,43,0.01,test,test/broken_small/011.png,7.8076171875,3.251811981201172
random,43,0.01,test,test/broken_small/012.png,9.811084747314453,3.251811981201172
random,43,0.01,test,test/broken_small/013.png,7.243597030639648,3.251811981201172
random,43,0.01,test,test/broken_small/014.png,7.3013434410095215,3.251811981201172
random,43,0.01,test,test/broken_small/015.png,6.4270920753479,3.251811981201172
random,43,0.01,test,test/broken_small/016.png,7.780305862426758,3.251811981201172
random,43,0.01,test,test/broken_small/017.png,10.601670265197754,3.251811981201172
random,43,0.01,test,test/broken_small/018.png,10.665969848632812,3.251811981201172
random,43,0.01,test,test/broken_small/019.png,9.124927520751953,3.251811981201172
random,43,0.01,test,test/broken_small/020.png,9.795989990234375,3.251811981201172
random,43,0.01,test,test/broken_small/021.png,8.458518981933594,3.251811981201172
random,43,0.01,test,test/contamination/000.png,7.065654754638672,3.251811981201172
random,43,0.01,test,test/contamination/001.png,5.288264751434326,3.251811981201172
random,43,0.01,test,test/contamination/002.png,5.825018405914307,3.251811981201172
random,43,0.01,test,test/contamination/003.png,3.8921568393707275,3.251811981201172
random,43,0.01,test,test/contamination/004.png,4.2425055503845215,3.251811981201172
random,43,0.01,test,test/contamination/005.png,7.8790411949157715,3.251811981201172
random,43,0.01,test,test/contamination/006.png,6.042858600616455,3.251811981201172
random,43,0.01,test,test/contamination/007.png,13.283077239990234,3.251811981201172
random,43,0.01,test,test/contamination/008.png,6.983166217803955,3.251811981201172
random,43,0.01,test,test/contamination/009.png,7.910955429077148,3.251811981201172
random,43,0.01,test,test/contamination/010.png,7.057885646820068,3.251811981201172
random,43,0.01,test,test/contamination/011.png,6.912958145141602,3.251811981201172
random,43,0.01,test,test/contamination/012.png,4.281164646148682,3.251811981201172
random,43,0.01,test,test/contamination/013.png,8.414508819580078,3.251811981201172
random,43,0.01,test,test/contamination/014.png,5.680881977081299,3.251811981201172
random,43,0.01,test,test/contamination/015.png,6.979419231414795,3.251811981201172
random,43,0.01,test,test/contamination/016.png,5.43140983581543,3.251811981201172
random,43,0.01,test,test/contamination/017.png,9.01328182220459,3.251811981201172
random,43,0.01,test,test/contamination/018.png,10.467512130737305,3.251811981201172
random,43,0.01,test,test/contamination/019.png,4.595304012298584,3.251811981201172
random,43,0.01,test,test/contamination/020.png,5.210874080657959,3.251811981201172
random,43,0.01,test,test/good/000.png,2.32694411277771,3.251811981201172
random,43,0.01,test,test/good/001.png,3.164928436279297,3.251811981201172
random,43,0.01,test,test/good/002.png,2.976032257080078,3.251811981201172
random,43,0.01,test,test/good/003.png,2.3858680725097656,3.251811981201172
random,43,0.01,test,test/good/004.png,2.020467519760132,3.251811981201172
random,43,0.01,test,test/good/005.png,2.5892906188964844,3.251811981201172
random,43,0.01,test,test/good/006.png,4.4246745109558105,3.251811981201172
random,43,0.01,test,test/good/007.png,2.4047794342041016,3.251811981201172
random,43,0.01,test,test/good/008.png,2.6443824768066406,3.251811981201172
random,43,0.01,test,test/good/009.png,2.8921563625335693,3.251811981201172
random,43,0.01,test,test/good/010.png,2.7135391235351562,3.251811981201172
random,43,0.01,test,test/good/011.png,2.2448081970214844,3.251811981201172
random,43,0.01,test,test/good/012.png,2.5434722900390625,3.251811981201172
random,43,0.01,test,test/good/013.png,2.5605180263519287,3.251811981201172
random,43,0.01,test,test/good/014.png,2.263120651245117,3.251811981201172
random,43,0.01,test,test/good/015.png,3.1731510162353516,3.251811981201172
random,43,0.01,test,test/good/016.png,2.8521082401275635,3.251811981201172
random,43,0.01,test,test/good/017.png,2.4767205715179443,3.251811981201172
random,43,0.01,test,test/good/018.png,2.6786231994628906,3.251811981201172
random,43,0.01,test,test/good/019.png,2.511871337890625,3.251811981201172
random,44,0.001,validation,train/good/002.png,5.479965686798096,5.905096054077148
random,44,0.001,validation,train/good/003.png,5.859792232513428,5.905096054077148
random,44,0.001,validation,train/good/005.png,5.581079483032227,5.905096054077148
random,44,0.001,validation,train/good/013.png,5.905096054077148,5.905096054077148
random,44,0.001,validation,train/good/015.png,5.15919828414917,5.905096054077148
random,44,0.001,validation,train/good/021.png,5.124200820922852,5.905096054077148
random,44,0.001,validation,train/good/030.png,4.994874954223633,5.905096054077148
random,44,0.001,validation,train/good/036.png,5.186731338500977,5.905096054077148
random,44,0.001,validation,train/good/037.png,5.564357757568359,5.905096054077148
random,44,0.001,validation,train/good/042.png,5.544216156005859,5.905096054077148
random,44,0.001,validation,train/good/044.png,5.485477924346924,5.905096054077148
random,44,0.001,validation,train/good/045.png,5.290947437286377,5.905096054077148
random,44,0.001,validation,train/good/047.png,5.66330099105835,5.905096054077148
random,44,0.001,validation,train/good/060.png,5.4776930809021,5.905096054077148
random,44,0.001,validation,train/good/061.png,5.812540531158447,5.905096054077148
random,44,0.001,validation,train/good/064.png,5.347415924072266,5.905096054077148
random,44,0.001,validation,train/good/069.png,5.379602432250977,5.905096054077148
random,44,0.001,validation,train/good/073.png,6.4836649894714355,5.905096054077148
random,44,0.001,validation,train/good/080.png,5.050881862640381,5.905096054077148
random,44,0.001,validation,train/good/085.png,5.585348606109619,5.905096054077148
random,44,0.001,validation,train/good/089.png,5.317935943603516,5.905096054077148
random,44,0.001,validation,train/good/100.png,5.487993240356445,5.905096054077148
random,44,0.001,validation,train/good/104.png,5.373716831207275,5.905096054077148
random,44,0.001,validation,train/good/111.png,5.388755798339844,5.905096054077148
random,44,0.001,validation,train/good/123.png,5.349944591522217,5.905096054077148
random,44,0.001,validation,train/good/124.png,5.727787017822266,5.905096054077148
random,44,0.001,validation,train/good/140.png,5.503702163696289,5.905096054077148
random,44,0.001,validation,train/good/152.png,4.942625045776367,5.905096054077148
random,44,0.001,validation,train/good/160.png,6.969329833984375,5.905096054077148
random,44,0.001,validation,train/good/167.png,5.2157464027404785,5.905096054077148
random,44,0.001,validation,train/good/168.png,5.003998279571533,5.905096054077148
random,44,0.001,validation,train/good/169.png,5.611299991607666,5.905096054077148
random,44,0.001,validation,train/good/176.png,5.475395202636719,5.905096054077148
random,44,0.001,validation,train/good/177.png,4.972515106201172,5.905096054077148
random,44,0.001,validation,train/good/182.png,5.018919467926025,5.905096054077148
random,44,0.001,validation,train/good/187.png,5.41026496887207,5.905096054077148
random,44,0.001,validation,train/good/194.png,5.092037677764893,5.905096054077148
random,44,0.001,validation,train/good/195.png,5.183904647827148,5.905096054077148
random,44,0.001,validation,train/good/201.png,5.57243013381958,5.905096054077148
random,44,0.001,validation,train/good/204.png,4.997135639190674,5.905096054077148
random,44,0.001,validation,train/good/208.png,5.700490951538086,5.905096054077148
random,44,0.001,test,test/broken_large/000.png,9.304716110229492,5.905096054077148
random,44,0.001,test,test/broken_large/001.png,9.530933380126953,5.905096054077148
random,44,0.001,test,test/broken_large/002.png,8.674541473388672,5.905096054077148
random,44,0.001,test,test/broken_large/003.png,9.748384475708008,5.905096054077148
random,44,0.001,test,test/broken_large/004.png,11.073820114135742,5.905096054077148
random,44,0.001,test,test/broken_large/005.png,8.641401290893555,5.905096054077148
random,44,0.001,test,test/broken_large/006.png,11.03508186340332,5.905096054077148
random,44,0.001,test,test/broken_large/007.png,8.453994750976562,5.905096054077148
random,44,0.001,test,test/broken_large/008.png,10.121355056762695,5.905096054077148
random,44,0.001,test,test/broken_large/009.png,9.274467468261719,5.905096054077148
random,44,0.001,test,test/broken_large/010.png,9.062122344970703,5.905096054077148
random,44,0.001,test,test/broken_large/011.png,8.545544624328613,5.905096054077148
random,44,0.001,test,test/broken_large/012.png,11.856122970581055,5.905096054077148
random,44,0.001,test,test/broken_large/013.png,8.630640029907227,5.905096054077148
random,44,0.001,test,test/broken_large/014.png,10.22210693359375,5.905096054077148
random,44,0.001,test,test/broken_large/015.png,10.189971923828125,5.905096054077148
random,44,0.001,test,test/broken_large/016.png,9.714345932006836,5.905096054077148
random,44,0.001,test,test/broken_large/017.png,11.175788879394531,5.905096054077148
random,44,0.001,test,test/broken_large/018.png,8.937982559204102,5.905096054077148
random,44,0.001,test,test/broken_large/019.png,8.527397155761719,5.905096054077148
random,44,0.001,test,test/broken_small/000.png,7.735311985015869,5.905096054077148
random,44,0.001,test,test/broken_small/001.png,9.544706344604492,5.905096054077148
random,44,0.001,test,test/broken_small/002.png,10.234545707702637,5.905096054077148
random,44,0.001,test,test/broken_small/003.png,10.365924835205078,5.905096054077148
random,44,0.001,test,test/broken_small/004.png,11.360635757446289,5.905096054077148
random,44,0.001,test,test/broken_small/005.png,7.298560619354248,5.905096054077148
random,44,0.001,test,test/broken_small/006.png,10.506224632263184,5.905096054077148
random,44,0.001,test,test/broken_small/007.png,7.948060989379883,5.905096054077148
random,44,0.001,test,test/broken_small/008.png,7.812450408935547,5.905096054077148
random,44,0.001,test,test/broken_small/009.png,8.989362716674805,5.905096054077148
random,44,0.001,test,test/broken_small/010.png,10.578265190124512,5.905096054077148
random,44,0.001,test,test/broken_small/011.png,8.52237319946289,5.905096054077148
random,44,0.001,test,test/broken_small/012.png,10.988566398620605,5.905096054077148
random,44,0.001,test,test/broken_small/013.png,7.572521686553955,5.905096054077148
random,44,0.001,test,test/broken_small/014.png,8.677494049072266,5.905096054077148
random,44,0.001,test,test/broken_small/015.png,7.236087322235107,5.905096054077148
random,44,0.001,test,test/broken_small/016.png,9.268794059753418,5.905096054077148
random,44,0.001,test,test/broken_small/017.png,11.831932067871094,5.905096054077148
random,44,0.001,test,test/broken_small/018.png,11.300690650939941,5.905096054077148
random,44,0.001,test,test/broken_small/019.png,9.645233154296875,5.905096054077148
random,44,0.001,test,test/broken_small/020.png,10.633260726928711,5.905096054077148
random,44,0.001,test,test/broken_small/021.png,9.540209770202637,5.905096054077148
random,44,0.001,test,test/contamination/000.png,7.744848728179932,5.905096054077148
random,44,0.001,test,test/contamination/001.png,6.210962772369385,5.905096054077148
random,44,0.001,test,test/contamination/002.png,6.535610198974609,5.905096054077148
random,44,0.001,test,test/contamination/003.png,5.14927864074707,5.905096054077148
random,44,0.001,test,test/contamination/004.png,5.494562149047852,5.905096054077148
random,44,0.001,test,test/contamination/005.png,8.404685974121094,5.905096054077148
random,44,0.001,test,test/contamination/006.png,6.495445728302002,5.905096054077148
random,44,0.001,test,test/contamination/007.png,14.05377197265625,5.905096054077148
random,44,0.001,test,test/contamination/008.png,7.4876532554626465,5.905096054077148
random,44,0.001,test,test/contamination/009.png,8.416166305541992,5.905096054077148
random,44,0.001,test,test/contamination/010.png,7.66246223449707,5.905096054077148
random,44,0.001,test,test/contamination/011.png,7.127488613128662,5.905096054077148
random,44,0.001,test,test/contamination/012.png,5.627230167388916,5.905096054077148
random,44,0.001,test,test/contamination/013.png,9.449312210083008,5.905096054077148
random,44,0.001,test,test/contamination/014.png,8.936521530151367,5.905096054077148
random,44,0.001,test,test/contamination/015.png,7.847177982330322,5.905096054077148
random,44,0.001,test,test/contamination/016.png,6.035032272338867,5.905096054077148
random,44,0.001,test,test/contamination/017.png,10.37995719909668,5.905096054077148
random,44,0.001,test,test/contamination/018.png,10.826069831848145,5.905096054077148
random,44,0.001,test,test/contamination/019.png,5.650906085968018,5.905096054077148
random,44,0.001,test,test/contamination/020.png,6.454166412353516,5.905096054077148
random,44,0.001,test,test/good/000.png,5.21928596496582,5.905096054077148
random,44,0.001,test,test/good/001.png,5.261876583099365,5.905096054077148
random,44,0.001,test,test/good/002.png,5.28340482711792,5.905096054077148
random,44,0.001,test,test/good/003.png,5.302484512329102,5.905096054077148
random,44,0.001,test,test/good/004.png,5.0146331787109375,5.905096054077148
random,44,0.001,test,test/good/005.png,4.844476222991943,5.905096054077148
random,44,0.001,test,test/good/006.png,5.68640661239624,5.905096054077148
random,44,0.001,test,test/good/007.png,5.117452144622803,5.905096054077148
random,44,0.001,test,test/good/008.png,4.973138332366943,5.905096054077148
random,44,0.001,test,test/good/009.png,4.899726867675781,5.905096054077148
random,44,0.001,test,test/good/010.png,5.243560314178467,5.905096054077148
random,44,0.001,test,test/good/011.png,5.942998886108398,5.905096054077148
random,44,0.001,test,test/good/012.png,5.590612411499023,5.905096054077148
random,44,0.001,test,test/good/013.png,5.681458950042725,5.905096054077148
random,44,0.001,test,test/good/014.png,5.328121185302734,5.905096054077148
random,44,0.001,test,test/good/015.png,5.2138285636901855,5.905096054077148
random,44,0.001,test,test/good/016.png,5.62114953994751,5.905096054077148
random,44,0.001,test,test/good/017.png,4.817311763763428,5.905096054077148
random,44,0.001,test,test/good/018.png,5.123657703399658,5.905096054077148
random,44,0.001,test,test/good/019.png,5.079095840454102,5.905096054077148
random,44,0.005,validation,train/good/002.png,3.0403289794921875,3.5444107055664062
random,44,0.005,validation,train/good/003.png,2.9072837829589844,3.5444107055664062
random,44,0.005,validation,train/good/005.png,2.9216229915618896,3.5444107055664062
random,44,0.005,validation,train/good/013.png,2.836322546005249,3.5444107055664062
random,44,0.005,validation,train/good/015.png,2.6935694217681885,3.5444107055664062
random,44,0.005,validation,train/good/021.png,2.9708213806152344,3.5444107055664062
random,44,0.005,validation,train/good/030.png,2.790041208267212,3.5444107055664062
random,44,0.005,validation,train/good/036.png,2.7645816802978516,3.5444107055664062
random,44,0.005,validation,train/good/037.png,3.4873201847076416,3.5444107055664062
random,44,0.005,validation,train/good/042.png,3.1809444427490234,3.5444107055664062
random,44,0.005,validation,train/good/044.png,3.0142288208007812,3.5444107055664062
random,44,0.005,validation,train/good/045.png,3.237304925918579,3.5444107055664062
random,44,0.005,validation,train/good/047.png,3.4856302738189697,3.5444107055664062
random,44,0.005,validation,train/good/060.png,2.996326446533203,3.5444107055664062
random,44,0.005,validation,train/good/061.png,3.2039222717285156,3.5444107055664062
random,44,0.005,validation,train/good/064.png,3.5444107055664062,3.5444107055664062
random,44,0.005,validation,train/good/069.png,3.6403143405914307,3.5444107055664062
random,44,0.005,validation,train/good/073.png,5.07448148727417,3.5444107055664062
random,44,0.005,validation,train/good/080.png,2.592681884765625,3.5444107055664062
random,44,0.005,validation,train/good/085.png,3.1427228450775146,3.5444107055664062
random,44,0.005,validation,train/good/089.png,2.8850667476654053,3.5444107055664062
random,44,0.005,validation,train/good/100.png,2.6025047302246094,3.5444107055664062
random,44,0.005,validation,train/good/104.png,2.9195785522460938,3.5444107055664062
random,44,0.005,validation,train/good/111.png,2.9545629024505615,3.5444107055664062
random,44,0.005,validation,train/good/123.png,2.5213623046875,3.5444107055664062
random,44,0.005,validation,train/good/124.png,2.966777801513672,3.5444107055664062
random,44,0.005,validation,train/good/140.png,2.937978506088257,3.5444107055664062
random,44,0.005,validation,train/good/152.png,3.1625521183013916,3.5444107055664062
random,44,0.005,validation,train/good/160.png,3.4202651977539062,3.5444107055664062
random,44,0.005,validation,train/good/167.png,2.8840982913970947,3.5444107055664062
random,44,0.005,validation,train/good/168.png,2.8779640197753906,3.5444107055664062
random,44,0.005,validation,train/good/169.png,2.840991973876953,3.5444107055664062
random,44,0.005,validation,train/good/176.png,3.131939172744751,3.5444107055664062
random,44,0.005,validation,train/good/177.png,2.9104573726654053,3.5444107055664062
random,44,0.005,validation,train/good/182.png,3.0115203857421875,3.5444107055664062
random,44,0.005,validation,train/good/187.png,2.739511489868164,3.5444107055664062
random,44,0.005,validation,train/good/194.png,3.4436092376708984,3.5444107055664062
random,44,0.005,validation,train/good/195.png,3.1143033504486084,3.5444107055664062
random,44,0.005,validation,train/good/201.png,3.2167396545410156,3.5444107055664062
random,44,0.005,validation,train/good/204.png,2.869068145751953,3.5444107055664062
random,44,0.005,validation,train/good/208.png,2.67181396484375,3.5444107055664062
random,44,0.005,test,test/broken_large/000.png,8.236083984375,3.5444107055664062
random,44,0.005,test,test/broken_large/001.png,8.83667278289795,3.5444107055664062
random,44,0.005,test,test/broken_large/002.png,8.280627250671387,3.5444107055664062
random,44,0.005,test,test/broken_large/003.png,8.959554672241211,3.5444107055664062
random,44,0.005,test,test/broken_large/004.png,10.90567684173584,3.5444107055664062
random,44,0.005,test,test/broken_large/005.png,7.998136043548584,3.5444107055664062
random,44,0.005,test,test/broken_large/006.png,9.768692016601562,3.5444107055664062
random,44,0.005,test,test/broken_large/007.png,8.100494384765625,3.5444107055664062
random,44,0.005,test,test/broken_large/008.png,9.681419372558594,3.5444107055664062
random,44,0.005,test,test/broken_large/009.png,9.27446460723877,3.5444107055664062
random,44,0.005,test,test/broken_large/010.png,9.062122344970703,3.5444107055664062
random,44,0.005,test,test/broken_large/011.png,7.015401840209961,3.5444107055664062
random,44,0.005,test,test/broken_large/012.png,10.318719863891602,3.5444107055664062
random,44,0.005,test,test/broken_large/013.png,7.547967433929443,3.5444107055664062
random,44,0.005,test,test/broken_large/014.png,9.350679397583008,3.5444107055664062
random,44,0.005,test,test/broken_large/015.png,9.4701509475708,3.5444107055664062
random,44,0.005,test,test/broken_large/016.png,8.792840957641602,3.5444107055664062
random,44,0.005,test,test/broken_large/017.png,10.61458969116211,3.5444107055664062
random,44,0.005,test,test/broken_large/018.png,8.710536003112793,3.5444107055664062
random,44,0.005,test,test/broken_large/019.png,7.844110012054443,3.5444107055664062
random,44,0.005,test,test/broken_small/000.png,7.358492374420166,3.5444107055664062
random,44,0.005,test,test/broken_small/001.png,9.007915496826172,3.5444107055664062
random,44,0.005,test,test/broken_small/002.png,9.533658981323242,3.5444107055664062
random,44,0.005,test,test/broken_small/003.png,9.662837028503418,3.5444107055664062
random,44,0.005,test,test/broken_small/004.png,11.108556747436523,3.5444107055664062
random,44,0.005,test,test/broken_small/005.png,6.972522735595703,3.5444107055664062
random,44,0.005,test,test/broken_small/006.png,9.52795696258545,3.5444107055664062
random,44,0.005,test,test/broken_small/007.png,7.668856143951416,3.5444107055664062
random,44,0.005,test,test/broken_small/008.png,7.253904819488525,3.5444107055664062
random,44,0.005,test,test/broken_small/009.png,8.430887222290039,3.5444107055664062
random,44,0.005,test,test/broken_small/010.png,10.004695892333984,3.5444107055664062
random,44,0.005,test,test/broken_small/011.png,8.12798023223877,3.5444107055664062
random,44,0.005,test,test/broken_small/012.png,9.795228004455566,3.5444107055664062
random,44,0.005,test,test/broken_small/013.png,7.1313157081604,3.5444107055664062
random,44,0.005,test,test/broken_small/014.png,7.912299633026123,3.5444107055664062
random,44,0.005,test,test/broken_small/015.png,6.654779434204102,3.5444107055664062
random,44,0.005,test,test/broken_small/016.png,7.851526260375977,3.5444107055664062
random,44,0.005,test,test/broken_small/017.png,11.245441436767578,3.5444107055664062
random,44,0.005,test,test/broken_small/018.png,10.974054336547852,3.5444107055664062
random,44,0.005,test,test/broken_small/019.png,9.2099609375,3.5444107055664062
random,44,0.005,test,test/broken_small/020.png,10.000632286071777,3.5444107055664062
random,44,0.005,test,test/broken_small/021.png,8.356017112731934,3.5444107055664062
random,44,0.005,test,test/contamination/000.png,6.932949542999268,3.5444107055664062
random,44,0.005,test,test/contamination/001.png,5.799506664276123,3.5444107055664062
random,44,0.005,test,test/contamination/002.png,6.46900749206543,3.5444107055664062
random,44,0.005,test,test/contamination/003.png,3.90850830078125,3.5444107055664062
random,44,0.005,test,test/contamination/004.png,4.797050476074219,3.5444107055664062
random,44,0.005,test,test/contamination/005.png,8.153922080993652,3.5444107055664062
random,44,0.005,test,test/contamination/006.png,6.084564685821533,3.5444107055664062
random,44,0.005,test,test/contamination/007.png,13.336058616638184,3.5444107055664062
random,44,0.005,test,test/contamination/008.png,6.917332172393799,3.5444107055664062
random,44,0.005,test,test/contamination/009.png,8.189178466796875,3.5444107055664062
random,44,0.005,test,test/contamination/010.png,7.39666223526001,3.5444107055664062
random,44,0.005,test,test/contamination/011.png,6.0096659660339355,3.5444107055664062
random,44,0.005,test,test/contamination/012.png,4.278520584106445,3.5444107055664062
random,44,0.005,test,test/contamination/013.png,8.838687896728516,3.5444107055664062
random,44,0.005,test,test/contamination/014.png,5.990275859832764,3.5444107055664062
random,44,0.005,test,test/contamination/015.png,7.26787805557251,3.5444107055664062
random,44,0.005,test,test/contamination/016.png,5.537756443023682,3.5444107055664062
random,44,0.005,test,test/contamination/017.png,9.85500431060791,3.5444107055664062
random,44,0.005,test,test/contamination/018.png,10.129752159118652,3.5444107055664062
random,44,0.005,test,test/contamination/019.png,4.520636081695557,3.5444107055664062
random,44,0.005,test,test/contamination/020.png,5.756531238555908,3.5444107055664062
random,44,0.005,test,test/good/000.png,2.743906021118164,3.5444107055664062
random,44,0.005,test,test/good/001.png,2.949777603149414,3.5444107055664062
random,44,0.005,test,test/good/002.png,3.0704843997955322,3.5444107055664062
random,44,0.005,test,test/good/003.png,2.8121376037597656,3.5444107055664062
random,44,0.005,test,test/good/004.png,2.8500921726226807,3.5444107055664062
random,44,0.005,test,test/good/005.png,3.022084951400757,3.5444107055664062
random,44,0.005,test,test/good/006.png,3.6237964630126953,3.5444107055664062
random,44,0.005,test,test/good/007.png,2.7685320377349854,3.5444107055664062
random,44,0.005,test,test/good/008.png,3.1271820068359375,3.5444107055664062
random,44,0.005,test,test/good/009.png,2.973217248916626,3.5444107055664062
random,44,0.005,test,test/good/010.png,2.9046742916107178,3.5444107055664062
random,44,0.005,test,test/good/011.png,2.7565553188323975,3.5444107055664062
random,44,0.005,test,test/good/012.png,2.827543020248413,3.5444107055664062
random,44,0.005,test,test/good/013.png,2.9363176822662354,3.5444107055664062
random,44,0.005,test,test/good/014.png,3.1131591796875,3.5444107055664062
random,44,0.005,test,test/good/015.png,3.0150606632232666,3.5444107055664062
random,44,0.005,test,test/good/016.png,3.2196197509765625,3.5444107055664062
random,44,0.005,test,test/good/017.png,2.628498077392578,3.5444107055664062
random,44,0.005,test,test/good/018.png,3.5620062351226807,3.5444107055664062
random,44,0.005,test,test/good/019.png,3.1336803436279297,3.5444107055664062
random,44,0.01,validation,train/good/002.png,2.3655643463134766,3.296314239501953
random,44,0.01,validation,train/good/003.png,2.439685821533203,3.296314239501953
random,44,0.01,validation,train/good/005.png,2.573322296142578,3.296314239501953
random,44,0.01,validation,train/good/013.png,2.6487388610839844,3.296314239501953
random,44,0.01,validation,train/good/015.png,2.484447479248047,3.296314239501953
random,44,0.01,validation,train/good/021.png,2.4206655025482178,3.296314239501953
random,44,0.01,validation,train/good/030.png,2.342542886734009,3.296314239501953
random,44,0.01,validation,train/good/036.png,2.493415594100952,3.296314239501953
random,44,0.01,validation,train/good/037.png,3.296314239501953,3.296314239501953
random,44,0.01,validation,train/good/042.png,3.0289840698242188,3.296314239501953
random,44,0.01,validation,train/good/044.png,2.544731378555298,3.296314239501953
random,44,0.01,validation,train/good/045.png,2.6603660583496094,3.296314239501953
random,44,0.01,validation,train/good/047.png,2.8848533630371094,3.296314239501953
random,44,0.01,validation,train/good/060.png,2.702392339706421,3.296314239501953
random,44,0.01,validation,train/good/061.png,2.97092604637146,3.296314239501953
random,44,0.01,validation,train/good/064.png,2.7452850341796875,3.296314239501953
random,44,0.01,validation,train/good/069.png,3.1523687839508057,3.296314239501953
random,44,0.01,validation,train/good/073.png,5.035619258880615,3.296314239501953
random,44,0.01,validation,train/good/080.png,2.3378772735595703,3.296314239501953
random,44,0.01,validation,train/good/085.png,2.6069908142089844,3.296314239501953
random,44,0.01,validation,train/good/089.png,2.569194793701172,3.296314239501953
random,44,0.01,validation,train/good/100.png,2.1556875705718994,3.296314239501953
random,44,0.01,validation,train/good/104.png,2.7487504482269287,3.296314239501953
random,44,0.01,validation,train/good/111.png,2.7125892639160156,3.296314239501953
random,44,0.01,validation,train/good/123.png,2.1489620208740234,3.296314239501953
random,44,0.01,validation,train/good/124.png,2.9667625427246094,3.296314239501953
random,44,0.01,validation,train/good/140.png,2.8013458251953125,3.296314239501953
random,44,0.01,validation,train/good/152.png,2.8047406673431396,3.296314239501953
random,44,0.01,validation,train/good/160.png,3.4202616214752197,3.296314239501953
random,44,0.01,validation,train/good/167.png,2.3110692501068115,3.296314239501953
random,44,0.01,validation,train/good/168.png,2.188547134399414,3.296314239501953
random,44,0.01,validation,train/good/169.png,2.5079689025878906,3.296314239501953
random,44,0.01,validation,train/good/176.png,2.4708175659179688,3.296314239501953
random,44,0.01,validation,train/good/177.png,2.6661016941070557,3.296314239501953
random,44,0.01,validation,train/good/182.png,3.0115203857421875,3.296314239501953
random,44,0.01,validation,train/good/187.png,2.3608245849609375,3.296314239501953
random,44,0.01,validation,train/good/194.png,3.021909713745117,3.296314239501953
random,44,0.01,validation,train/good/195.png,2.5562286376953125,3.296314239501953
random,44,0.01,validation,train/good/201.png,2.8189547061920166,3.296314239501953
random,44,0.01,validation,train/good/204.png,2.5936203002929688,3.296314239501953
random,44,0.01,validation,train/good/208.png,2.524089813232422,3.296314239501953
random,44,0.01,test,test/broken_large/000.png,8.23608684539795,3.296314239501953
random,44,0.01,test,test/broken_large/001.png,8.383676528930664,3.296314239501953
random,44,0.01,test,test/broken_large/002.png,8.061210632324219,3.296314239501953
random,44,0.01,test,test/broken_large/003.png,8.649374008178711,3.296314239501953
random,44,0.01,test,test/broken_large/004.png,10.70654296875,3.296314239501953
random,44,0.01,test,test/broken_large/005.png,7.732374668121338,3.296314239501953
random,44,0.01,test,test/broken_large/006.png,9.412487030029297,3.296314239501953
random,44,0.01,test,test/broken_large/007.png,7.8529839515686035,3.296314239501953
random,44,0.01,test,test/broken_large/008.png,9.681417465209961,3.296314239501953
random,44,0.01,test,test/broken_large/009.png,8.639508247375488,3.296314239501953
random,44,0.01,test,test/broken_large/010.png,8.627714157104492,3.296314239501953
random,44,0.01,test,test/broken_large/011.png,6.7399139404296875,3.296314239501953
random,44,0.01,test,test/broken_large/012.png,10.214058876037598,3.296314239501953
random,44,0.01,test,test/broken_large/013.png,7.5479736328125,3.296314239501953
random,44,0.01,test,test/broken_large/014.png,9.350686073303223,3.296314239501953
random,44,0.01,test,test/broken_large/015.png,9.271313667297363,3.296314239501953
random,44,0.01,test,test/broken_large/016.png,8.171972274780273,3.296314239501953
random,44,0.01,test,test/broken_large/017.png,10.376622200012207,3.296314239501953
random,44,0.01,test,test/broken_large/018.png,8.572790145874023,3.296314239501953
random,44,0.01,test,test/broken_large/019.png,7.844112396240234,3.296314239501953
random,44,0.01,test,test/broken_small/000.png,7.008708477020264,3.296314239501953
random,44,0.01,test,test/broken_small/001.png,8.981741905212402,3.296314239501953
random,44,0.01,test,test/broken_small/002.png,9.024664878845215,3.296314239501953
random,44,0.01,test,test/broken_small/003.png,9.662836074829102,3.296314239501953
random,44,0.01,test,test/broken_small/004.png,10.989459037780762,3.296314239501953
random,44,0.01,test,test/broken_small/005.png,6.597427845001221,3.296314239501953
random,44,0.01,test,test/broken_small/006.png,9.483390808105469,3.296314239501953
random,44,0.01,test,test/broken_small/007.png,6.543312072753906,3.296314239501953
random,44,0.01,test,test/broken_small/008.png,6.767276287078857,3.296314239501953
random,44,0.01,test,test/broken_small/009.png,8.306702613830566,3.296314239501953
random,44,0.01,test,test/broken_small/010.png,9.839873313903809,3.296314239501953
random,44,0.01,test,test/broken_small/011.png,7.849411487579346,3.296314239501953
random,44,0.01,test,test/broken_small/012.png,9.795234680175781,3.296314239501953
random,44,0.01,test,test/broken_small/013.png,7.0693817138671875,3.296314239501953
random,44,0.01,test,test/broken_small/014.png,7.912299633026123,3.296314239501953
random,44,0.01,test,test/broken_small/015.png,6.654775619506836,3.296314239501953
random,44,0.01,test,test/broken_small/016.png,7.648097515106201,3.296314239501953
random,44,0.01,test,test/broken_small/017.png,11.064702033996582,3.296314239501953
random,44,0.01,test,test/broken_small/018.png,10.669477462768555,3.296314239501953
random,44,0.01,test,test/broken_small/019.png,8.927477836608887,3.296314239501953
random,44,0.01,test,test/broken_small/020.png,9.962284088134766,3.296314239501953
random,44,0.01,test,test/broken_small/021.png,8.356021881103516,3.296314239501953
random,44,0.01,test,test/contamination/000.png,6.932949542999268,3.296314239501953
random,44,0.01,test,test/contamination/001.png,5.602445602416992,3.296314239501953
random,44,0.01,test,test/contamination/002.png,6.184101581573486,3.296314239501953
random,44,0.01,test,test/contamination/003.png,3.9085121154785156,3.296314239501953
random,44,0.01,test,test/contamination/004.png,4.603023529052734,3.296314239501953
random,44,0.01,test,test/contamination/005.png,7.857791423797607,3.296314239501953
random,44,0.01,test,test/contamination/006.png,6.046004772186279,3.296314239501953
random,44,0.01,test,test/contamination/007.png,13.336055755615234,3.296314239501953
random,44,0.01,test,test/contamination/008.png,6.817199230194092,3.296314239501953
random,44,0.01,test,test/contamination/009.png,8.147589683532715,3.296314239501953
random,44,0.01,test,test/contamination/010.png,7.222484588623047,3.296314239501953
random,44,0.01,test,test/contamination/011.png,5.838790416717529,3.296314239501953
random,44,0.01,test,test/contamination/012.png,4.193981170654297,3.296314239501953
random,44,0.01,test,test/contamination/013.png,8.832606315612793,3.296314239501953
random,44,0.01,test,test/contamination/014.png,5.990280628204346,3.296314239501953
random,44,0.01,test,test/contamination/015.png,7.26787805557251,3.296314239501953
random,44,0.01,test,test/contamination/016.png,5.537749767303467,3.296314239501953
random,44,0.01,test,test/contamination/017.png,9.855003356933594,3.296314239501953
random,44,0.01,test,test/contamination/018.png,9.991846084594727,3.296314239501953
random,44,0.01,test,test/contamination/019.png,4.262349605560303,3.296314239501953
random,44,0.01,test,test/contamination/020.png,5.400661945343018,3.296314239501953
random,44,0.01,test,test/good/000.png,2.409076690673828,3.296314239501953
random,44,0.01,test,test/good/001.png,2.9497737884521484,3.296314239501953
random,44,0.01,test,test/good/002.png,2.7377777099609375,3.296314239501953
random,44,0.01,test,test/good/003.png,2.5705299377441406,3.296314239501953
random,44,0.01,test,test/good/004.png,2.5393810272216797,3.296314239501953
random,44,0.01,test,test/good/005.png,2.981935739517212,3.296314239501953
random,44,0.01,test,test/good/006.png,2.5341148376464844,3.296314239501953
random,44,0.01,test,test/good/007.png,2.768523931503296,3.296314239501953
random,44,0.01,test,test/good/008.png,2.474536895751953,3.296314239501953
random,44,0.01,test,test/good/009.png,2.57470703125,3.296314239501953
random,44,0.01,test,test/good/010.png,2.6193997859954834,3.296314239501953
random,44,0.01,test,test/good/011.png,2.2085037231445312,3.296314239501953
random,44,0.01,test,test/good/012.png,2.6853983402252197,3.296314239501953
random,44,0.01,test,test/good/013.png,2.2486801147460938,3.296314239501953
random,44,0.01,test,test/good/014.png,2.2743778228759766,3.296314239501953
random,44,0.01,test,test/good/015.png,2.8536911010742188,3.296314239501953
random,44,0.01,test,test/good/016.png,2.3282012939453125,3.296314239501953
random,44,0.01,test,test/good/017.png,2.2119979858398438,3.296314239501953
random,44,0.01,test,test/good/018.png,3.2715418338775635,3.296314239501953
random,44,0.01,test,test/good/019.png,2.4513015747070312,3.296314239501953
