method,seed,ratio,vectors,memory_mib,threshold,validation_false_alarms,test_false_alarms,test_missed_defects,test_defect_recall,test_auroc
random,42,0.001,131,0.51171875,6.929836273193359,2,1,10,0.8412698412698413,0.9404761904761905
random,42,0.005,658,2.5703125,3.626192331314087,2,1,0,1.0,0.9984126984126984
random,42,0.01,1317,5.14453125,3.322490930557251,2,0,0,1.0,1.0
random,43,0.001,131,0.51171875,6.829803466796875,2,0,8,0.873015873015873,0.938095238095238
random,43,0.005,658,2.5703125,4.3371052742004395,2,1,1,0.9841269841269841,0.9984126984126984
random,43,0.01,1317,5.14453125,3.251811981201172,2,1,0,1.0,0.9976190476190476
random,44,0.001,131,0.51171875,5.905096054077148,2,1,4,0.9365079365079365,0.9817460317460317
random,44,0.005,658,2.5703125,3.5444107055664062,2,2,0,1.0,1.0
random,44,0.01,1317,5.14453125,3.296314239501953,2,0,0,1.0,1.0
